<?xml version="1.0" encoding="utf-8"?>

<Defs>

  <ThingDef ParentName="BuildingBase">
    <defName>WalkieTalkie</defName>
    <label>Walkie-Talkie</label>
    <thingClass>WalkieTalkie.Building_WalkieTalkie</thingClass>
    <graphicData>
      <texPath>Things/Building/Misc/WalkieTalkie/WalkieTalkie</texPath>
      <graphicClass>Graphic_Single</graphicClass>
      <shadowData>
        <volume>(0.3, 0.2, 0.3)</volume>
        <offset>(0,0,-0.1)</offset>
      </shadowData>
    </graphicData>
    <altitudeLayer>Building</altitudeLayer>
    <minifiedDef>MinifiedThing</minifiedDef>
    <thingCategories>
      <li>BuildingsMisc</li>
    </thingCategories>
    <statBases>
      <MaxHitPoints>50</MaxHitPoints>
      <WorkToBuild>800</WorkToBuild>
      <Flammability>0</Flammability>
      <Mass>0.9</Mass>
    </statBases>
    <description>Functioning both as a communications device and trade beacon, all you need to do is place one down and have a good time, no power required! Can work indoors.</description>
    <drawerType>MapMeshAndRealTime</drawerType>
    <drawPlaceWorkersWhileSelected>true</drawPlaceWorkersWhileSelected>
    <fillPercent>0.15</fillPercent>
    <costList>
      <Steel>40</Steel>
      <ComponentIndustrial>1</ComponentIndustrial>
    </costList>
    <building>
      <destroySound>BuildingDestroyed_Metal_Small</destroySound>
    </building>
    <comps>
      <li Class="CompProperties_Power">
        <compClass>CompPowerTrader</compClass>
        <basePowerConsumption>5</basePowerConsumption>
      </li>
      <li Class="CompProperties_Flickable"/>
      <li Class="CompProperties_Breakdownable"/>
    </comps>
    <leaveResourcesWhenKilled>false</leaveResourcesWhenKilled>
    <pathCost>14</pathCost>
    <designationCategory>Misc</designationCategory>
    <rotatable>false</rotatable>
    <placeWorkers>
      <li>PlaceWorker_ShowTradeBeaconRadius</li>
    </placeWorkers>
    <designationHotKey>Misc2</designationHotKey>
    <researchPrerequisites>
      <li>Electricity</li>
    </researchPrerequisites>
  </ThingDef>

</Defs>